Workbook

Sheet ①기본정보
A1: 연말정산 셀프체크 계산 템플릿
A2: 모든 금액 단위: 만원 | 노란색 셀만 입력하세요 (파란 글씨 = 입력값, 검정 = 자동계산)
A4: STEP 1. 내 총급여 확인 (세법 기준은 '연봉'이 아니라 '총급여')
A5: 명목 총보수 (연봉 + 성과급 + 각종 수당) | B5: 6800 | D5: 원천징수영수증이 없으면 급여명세서 12개월 합계
A6: 연간 비과세소득 (식대 월20만=240, 자가운전보조금 등) | B6: 240 | D6: 식대 비과세 월 20만원 = 연 240만원이 가장 흔함
A7: ▶ 세법상 총급여 (자동계산) | B7: =B5-B6 -> 6560 | D7: 모든 공제 자격의 기준 금액
A9: STEP 2. 소득 경계선 자동 판정
A10: 경계선 | B10: 판정 | D10: 이 경계를 넘으면 달라지는 것
A11: 총급여 5,000만원 | B11: =IF($B$7<=5000,"이하 ✓","초과 ✗") -> 초과 ✗ | D11: ISA 서민형 자격 (이하일 때만 가능, 비과세 한도 2배)
A12: 총급여 5,500만원 | B12: =IF($B$7<=5500,"이하 ✓","초과 ✗") -> 초과 ✗ | D12: 연금계좌 공제율 16.5%→13.2% / 월세 공제율 17%→15%
A13: 총급여 7,000만원 | B13: =IF($B$7<=7000,"이하 ✓","초과 ✗") -> 이하 ✓ | D13: 신용카드 기본한도 300→250 / 문화비 공제 제외 / 청약·전세대출 소득공제 자격 상실
A14: 총급여 7,500만원 | B14: =IF($B$7<=7500,"이하 ✓","초과 ✗") -> 이하 ✓ | D14: 청년도약계좌 가입 상한
A15: 총급여 8,000만원 | B15: =IF($B$7<=8000,"이하 ✓","초과 ✗") -> 이하 ✓ | D15: 월세 세액공제 자격 상실
A17: STEP 3. 자격 요건 체크 (Y / N 선택)
A18: 무주택 세대주인가? (12/31 기준) | B18: Y | D18: 주택자금 공제 3종(청약·전세대출·월세)의 공통 관문
A19: 월세로 거주 중인가? | B19: Y | D19: 월세 세액공제 대상 여부
A20: 전세(반전세)대출 상환 중인가? | B20: N | D20: 주택임차차입금 원리금 공제 대상 여부
A21: 중소기업 재직 + 만 34세 이하인가? | B21: N | D21: 중소기업취업자 소득세 감면 90% (연 200만 한도, 최대 5년)
A22: 올해(2024~2026) 혼인신고 했는가/할 예정인가? | B22: N | D22: 결혼 세액공제 50만원 (생애 1회)
A24: ※ 범례: 노란색+파란글씨 = 직접 입력 | 회색 = 항목명 | 초록색 = 핵심 결과 | 검정 숫자 = 자동계산(수정 금지)

Sheet ②소득공제
A1: ② 소득공제 셀프체크 — 과세표준을 깎는 항목 (절세효과 = 공제액 × 내 세율)
A2: 단위: 만원 | 노란색 셀에 올해 사용/납입 금액 입력
A4: A. 신용카드 등 사용금액 소득공제
A5: 구분 | B5: 올해 사용액 | C5: 공제율 | D5: 환산액 | E5: 최대로 받는 법
A6: 신용카드 | B6: 1400 | C6: 0.15 | D6: =B6*C6 -> 210 | E6: 총급여 25%(=문턱)까지는 혜택 좋은 신용카드 사용
A7: 체크카드 + 현금영수증 | B7: 500 | C7: 0.3 | D7: =B7*C7 -> 150 | E7: 문턱 넘긴 후엔 체크/현금으로 전환 (공제율 2배)
A8: 전통시장 | B8: 50 | C8: 0.4 | D8: =B8*C8 -> 20 | E8: 추가한도 적용 — 명절 장보기 등
A9: 대중교통 | B9: 80 | C9: 0.4 | D9: =B9*C9 -> 32 | E9: 추가한도 적용 — KTX·고속버스 포함
A10: 문화비 (도서·공연·영화 등) | B10: 30 | C10: 0.3 | D10: =B10*C10 -> 9 | E10: 총급여 7,000만 이하만 인정
A12: 총 사용액 / 공제 문턱(총급여 25%) | B12: =SUM(B6:B10) -> 2060 | C12: =①기본정보!$B$7*0.25 -> 1640 | E12: 문턱을 못 넘으면 카드 공제 0원
A13: 문턱 통과 여부 | B13: =IF(B12>=C12,"통과 ✓","미달 — "&TEXT(C12-B12,"#,##0")&"만원 더 써야 시작") -> 통과 ✓
A14: 일반 공제액 (문턱 차감 후, 근사) | B14: =MAX(0, B6*0.15 + B7*0.3 + IF(①기본정보!$B$7<=7000,B10*0.3,0) - IF(B6>=C12, C12*0.15, B6*0.15 + (C12-B6)*0.3)) -> 87 | E14: 문턱은 공제율 낮은 신용카드분부터 차감(국세청 방식 근사)
A15: 일반 공제 한도 | B15: =IF(①기본정보!$B$7<=7000,300,250) -> 300 | E15: 총급여 7,000만 초과 시 250만으로 축소
A16: 전통시장·대중교통 추가공제 | B16: =MIN(B8*0.4+B9*0.4, IF(①기본정보!$B$7<=7000,300,200)) -> 52 | E16: 추가한도 별도 적용
A17: ▶ 카드 소득공제 합계 | B17: =IF(B13="통과 ✓", MIN(B14,B15)+B16, 0) -> 139
A19: B. 주택자금 소득공제 (무주택 세대주 + 총급여 7,000만 이하)
A20: 항목 | B20: 올해 납입/상환액 | C20: 자격 | D20: 공제액 | E20: 최대로 받는 법
A21: 주택청약종합저축 납입액 | B21: 240 | C21: =IF(AND(①기본정보!$B$7<=7000,①기본정보!$B$18="Y"),"○","✗") -> ○ | D21: =IF(C21="○", MIN(B21,300)*0.4, 0) -> 96 | E21: 연 300만 납입 시 공제 최대(120만) — 월 25만 자동이체
A22: 전세대출 원리금 상환액 (원금+이자) | B22: 0 | C22: =IF(AND(①기본정보!$B$18="Y",①기본정보!$B$20="Y"),"○","✗") -> ✗ | D22: =IF(C22="○", MIN(B22*0.4, 400-D21), 0) -> 0 | E22: 상환액의 40%, 청약저축과 합산 연 400만 한도
A24: C. 그 외 소득공제
A25: 항목 | B25: 금액 | D25: 공제액 | E25: 메모
A26: 본인 기본공제 (자동) | D26: =150 -> 150 | E26: 전 근로자 자동 적용
A27: 부양가족 수 (소득요건 충족자만) | B27: 0 | D27: =B27*150 -> 0 | E27: 1인당 150만 — 연소득 100만 초과 가족 넣으면 가산세!
A28: 국민연금 보험료 (원천징수영수증 확인) | B28: 300 | D28: =B28 -> 300 | E28: 총급여 6,500만 기준 대략 연 290~300만 (전액 공제)
A29: 우리사주조합 출연금 | B29: 0 | D29: =MIN(B29,400) -> 0 | E29: 연 400만 한도
A31: ▶▶ 소득공제 총합계 (건보·고용보험 등 제외한 선택항목) | D31: =B17+D21+D22+SUM(D26:D29) -> 685
A33: ※ 건강·고용보험료도 전액 소득공제되지만 회사가 자동 반영하므로 이 표에서는 생략 (결과요약 시트에서 근사 반영)

Sheet ③세액공제
A1: ③ 세액공제 셀프체크 — 세금을 직접 깎는 항목 (공제액 = 환급액)
A2: 단위: 만원 | 표기 공제율은 지방소득세 10% 포함 체감 기준
A4: A. 연금계좌 세액공제 — 직장인 절세 1순위
A5: 항목 | B5: 올해 납입액 | C5: 인정 한도 | D5: 공제대상액 | E5: 최대로 받는 법
A6: 연금저축(펀드) 납입 | B6: 600 | C6: 600 | D6: =MIN(B6,C6) -> 600 | E6: 월 50만 자동이체 = 연 600만 딱 맞춤
A7: IRP 추가 납입 | B7: 300 | C7: ="합산 "&900 -> 합산 900 | D7: =MIN(D6+B7,900)-D6 -> 300 | E7: 연금저축과 합산 900만까지만 공제 인정
A8: 적용 공제율 (총급여 5,500만 기준 자동) | B8: =IF(①기본정보!$B$7<=5500,0.165,0.132) -> 0.132 | E8: 5,500만 이하 16.5% / 초과 13.2%
A9: ▶ 예상 환급액 | B9: =(D6+D7)*B8 -> 118.8 | E9: 900만 채우면 최대 (13.2% 기준 118.8만)
A10: 한도까지 남은 납입 여력 | B10: =900-D6-D7 -> 0 | E10: 12/31까지 납입분이 올해 공제 — 연말 필살기
A11: 추가 납입 시 늘어나는 환급액 | B11: =B10*B8 -> 0 | E11: 지금 더 넣으면 이만큼 더 돌려받음
A13: B. 월세 세액공제 (총급여 8,000만 이하 + 무주택)
A14: 항목 | B14: 금액 | C14: 자격/공제율 | D14: 환급액 | E14: 메모
A15: 월 임차료 (관리비 제외) | B15: 60 | C15: =IF(AND(①기본정보!$B$7<=8000,①기본정보!$B$18="Y",①기본정보!$B$19="Y"), IF(①기본정보!$B$7<=5500,0.187,0.165), 0) -> 0.165 | D15: =MIN(B15*12,1000)*C15 -> 118.8 | E15: 연 1,000만 한도 | 5,500 이하 18.7% / 초과 16.5% (지방세 포함) | 계약서·이체내역 준비
A17: C. 그 외 세액공제
A18: 항목 | B18: 올해 지출액 | C18: 계산 기준 | D18: 환급액 | E18: 최대로 받는 법
A19: 보장성보험료 (실손·자동차 등) | B19: 100 | C19: ="한도 100" -> 한도 100 | D19: =MIN(B19,100)*0.132 -> 13.2 | E19: 13.2% — 한도 100만은 실손 하나로 대부분 채워짐
A20: 의료비 총지출 | B20: 100 | C20: ="문턱 "&TEXT(①기본정보!$B$7*0.03,"#,##0") -> 문턱 197 | D20: =MAX(0, MIN(B20-①기본정보!$B$7*0.03, 700))*0.165 -> 0 | E20: 총급여 3% 초과분만 16.5% — 안경·렌즈(50만/인)·산후조리원도 포함
A21: 본인 교육비 (대학원·학자금대출 상환) | B21: 0 | C21: ="한도 없음" -> 한도 없음 | D21: =B21*0.165 -> 0 | E21: 본인 지출은 한도 없이 16.5%
A22: 고향사랑기부금 | B22: 10 | C22: ="10만 전액" -> 10만 전액 | D22: =MIN(B22,10) -> 10 | E22: 10만원까지 100% 환급 + 답례품 3만원 = 무조건 이득
A23: 일반 기부금 | B23: 0 | C23: ="15%(1천만↓)" -> 15%(1천만↓) | D23: =B23*0.165 -> 0 | E23: 정치자금·특례기부는 별도 우대율
A24: 결혼 세액공제 (2024~26 혼인신고, 생애 1회) | D24: =IF(①기본정보!$B$22="Y",50,0) -> 0 | E24: ①기본정보의 Y/N에 따라 자동 반영
A26: ▶▶ 세액공제 총합계 (= 예상 환급 기여액) | D26: =B9+D15+SUM(D19:D24) -> 260.8
A28: ※ 중소기업취업자 감면(청년 90%, 연 200만 한도)은 회사 제출 방식이라 별도 — ①기본정보에서 Y면 결과요약에 안내 표시

Sheet ④결과요약
A1: ④ 결과 요약 — 환급이야, 납부야?
A2: 단위: 만원 | 간이 추정치 — 실제 결정세액은 홈택스 '연말정산 미리보기'로 최종 확인
A4: A. 세금 계산 흐름 (간이 추정)
A5: 총급여 | B5: =①기본정보!$B$7 -> 6560 | D5: ①기본정보에서 자동
A6: (-) 근로소득공제 (자동 산식) | B6: =IF(B5<=500,B5*0.7,IF(B5<=1500,350+(B5-500)*0.4,IF(B5<=4500,750+(B5-1500)*0.15,IF(B5<=10000,1200+(B5-4500)*0.05,1475+(B5-10000)*0.02)))) -> 1303 | D6: 법정 산식 — 자동
A7: (-) 건강·고용보험료 근사 (총급여 4.5%) | B7: =B5*0.045 -> 295.2 | D7: 실제로는 원천징수영수증 값 사용
A8: (-) 선택 소득공제 합계 | B8: =②소득공제!D31 -> 685 | D8: ②시트에서 자동
A9: → 추정 과세표준 | B9: =MAX(0,B5-B6-B7-B8) -> 4276.8
A10: × 세율 → 산출세액 (누진 산식) | B10: =IF(B9<=1400,B9*0.06,IF(B9<=5000,84+(B9-1400)*0.15,IF(B9<=8800,624+(B9-5000)*0.24,1536+(B9-8800)*0.35))) -> 515.52 | D10: 국세 기준 (지방세 별도 10%)
A11: (-) 세액공제 합계 | B11: =③세액공제!D26 -> 260.8 | D11: ③시트에서 자동
A12: → 추정 결정세액 (국세) | B12: =MAX(0,B10-B11) -> 254.72 | D12: '올해 내야 할 세금의 최종 확정값' — 새로 내는 돈이 아님!
A13: ▶ 내 한계세율 (다음 1만원 소득에 붙는 세율) | B13: =IF(B9<=1400,0.066,IF(B9<=5000,0.165,IF(B9<=8800,0.264,0.385))) -> 0.165 | D13: 지방세 포함 — 소득공제 1만원의 가치 = 이 세율만큼
A15: B. 이미 낸 세금과 비교 → 환급/납부 판정
A16: 올해 원천징수된 소득세 합계 (기납부세액) | B16: 380 | D16: 급여명세서 '소득세' 항목 12개월 합 (지방소득세는 빼고!) — 상여월 포함
A17: ▶▶ 예상 환급액 (+) / 추가납부액 (-) | B17: =B16-B12 -> 125.28 | D17: 기납부세액 - 결정세액 (국세 기준)
A18: 판정 | B18: =IF(B17>=0,"환급 예상 ✓","추가 납부 예상 ⚠") -> 환급 예상 ✓ | D18: 환급이면 2~3월 급여에 얹혀서 들어옴 (13월의 월급)
A19: 지방소득세 포함 체감 금액 (×1.1) | B19: =B17*1.1 -> 137.808 | D19: 지방소득세(국세의 10%)도 같은 비율로 정산되므로 실제 체감액은 이 값
A21: C. 연말 전 액션 체크리스트
A22: 체크 항목 | B22: 남은 여력 | C22: 추가 환급 | D22: 행동
A23: 연금저축+IRP 한도까지 추가 납입 | B23: =③세액공제!B10 -> 0 | C23: =③세액공제!B11 -> 0 | D23: 12/31 전 납입 — 가장 확실한 환급 카드
A24: 카드 공제 문턱까지 남은 사용액 | B24: =MAX(0,②소득공제!C12-②소득공제!B12) -> 0 | C24: ="-" -> - | D24: 문턱 미달이면 큰 지출을 올해로 당기기
A25: 청약저축 공제한도(300만)까지 남은 납입 | B25: =IF(②소득공제!C21="○",MAX(0,300-②소득공제!B21),0) -> 60 | C25: =B25*0.4*B13 -> 3.96 | D25: 무주택 세대주 + 총급여 7,000만 이하일 때만
A26: 고향사랑기부금 10만원 | B26: =MAX(0,10-③세액공제!B22) -> 0 | C26: =B26 -> 0 | D26: 안 했으면 지금 — 답례품까지 무조건 이득
A28: D. 놓치기 쉬운 항목 최종 점검 (해당되면 O 표시하며 확인)
A29: ☐ 간소화 서비스 누락 단골: 월세, 안경·렌즈 구입비, 중고생 교복, 취학전 학원비, 기부금
A30: ☐ 성과급으로 총급여 7,000만 초과한 해 → 카드 한도 축소·청약 공제 상실 → 연금계좌로 만회
A31: ☐ 중소기업 취업 청년(만 34세 이하)이면 소득세 90% 감면(연 200만) — 회사에 감면신청서 제출했는지
A32: ☐ 과거 5년 내 놓친 공제는 '경정청구'로 소급 환급 가능 (홈택스에서 신청)
A33: ☐ 부양가족 등록 전 소득 100만원(근로소득만 있으면 총급여 500만) 초과 여부 확인 — 과다공제 가산세 주의
A34: ☐ 맞벌이가 되면: 의료비는 소득 낮은 쪽, 신용카드는 문턱 넘기 쉬운 쪽으로 몰기
A35: ☐ 내년 4월 건보료 연말정산: 성과급 받은 해 다음엔 추가 징수 가능 — 비상금으로 대비
A37: ※ 본 템플릿은 2026년 기준 간이 계산이며 세무 자문이 아닙니다. 원천징수세액의 정확한 값은 홈택스 '지급명세서' 또는 회사 원천징수영수증에서 확인.
